{"cameraMode":{"drawMode":0,"name":"Shaded","section":"Shading Mode"},"sceneLighting":false,"audioPlay":false,"sceneViewState":{"m_AlwaysRefresh":false,"showFog":true,"showSkybox":true,"showFlares":true,"showImageEffects":true,"showParticleSystems":true,"showVisualEffectGraphs":true,"m_FxEnabled":true},"in2DMode":false,"pivot":{"x":0.7239911556243897,"y":14.94482707977295,"z":-15.299034118652344},"rotation":{"x":0.2260255366563797,"y":0.007305200677365065,"z":-0.0016961426008492709,"w":0.9741015434265137},"size":11.300739288330079,"orthographic":false}