{"cameraMode":{"drawMode":0,"name":"Shaded","section":"Shading Mode"},"sceneLighting":false,"audioPlay":false,"sceneViewState":{"m_AlwaysRefresh":false,"showFog":true,"showSkybox":false,"showFlares":true,"showImageEffects":true,"showParticleSystems":true,"showVisualEffectGraphs":true,"m_FxEnabled":true},"in2DMode":false,"pivot":{"x":2.490081787109375,"y":-0.2760467529296875,"z":163.6978759765625},"rotation":{"x":0.29384860396385195,"y":-0.03869926929473877,"z":0.011907253414392472,"w":0.9550031423568726},"size":445.54437255859377,"orthographic":false}